jid,confirmed,terminated
3419,2012,2023
1,1936,1971
2,1880,1906
3,1982,2018
4,1979,2009
5,1976,1984
6,1982,2014
7,1937,1956
8,1969,1987
9,1895,1916
10,1836,1838
11,1901,1911
12,1993,2023
2989,2003,2023
3295,NA,1928
2717,1997,2023
13,1930,1955
14,1928,1934
9374881,2020,2023
2927,2002,2023
3174,2008,2023
15,1980,1996
2750,1998,2023
16,1961,1981
17,1929,1948
18,1971,2009
19,1979,2015
5198506,2018,2023
20,1991,2023
21,1968,2014
22,1980,2010
23,1954,2002
24,1891,1921
25,1987,2003
26,1990,2006
3373,2011,2023
27,1971,2000
28,1934,1966
29,1888,1901
30,1985,2023
31,1962,1991
32,1939,1959
2705,1963,1986
3576,2014,2023
33,1916,1939
34,1974,2023
6586021,2019,2023
2827,1999,2023
35,1982,1998
6244926,2019,2023
2997,2003,2023
3080,2004,2023
36,1893,1905
2850,2000,2023
37,1993,2023
38,1897,1937
39,1990,2023
40,1991,2010
41,1902,1938
42,1971,1996
43,1980,2016
44,1918,1938
45,1926,1935
46,1971,1988
47,1986,2023
2928,2002,2023
49,1954,1978
48,1979,1981
3173,2008,2023
50,1985,2023
51,1902,1916
2691,NA,1950
3402,2011,2023
3188,2008,2023
52,1911,1912
12802356,2022,2023
2857,2000,2023
3197,1985,2023
54,1939,1941
55,1988,2023
56,1979,1993
57,1901,1913
58,1985,2011
3190,2008,2023
6385001,2019,2023
3568,2014,2023
2898,2001,2023
59,1991,2023
60,1985,1992
61,1978,2004
62,1943,1945
63,1967,1994
64,1976,1997
65,1957,1992
66,1995,2023
5153446,2018,2023
67,1979,2023
9359861,2020,2023
68,1966,1999
3244,1906,1916
69,1995,2022
70,1923,1961
71,1961,1974
72,1961,1977
2949,2002,2023
73,1929,1944
4738061,2018,2023
3161,2007,2023
3577,2014,2023
74,1988,2023
3459,2013,2023
8368391,2020,2023
6202901,2019,2023
75,1994,2014
3141,2007,2023
76,1918,1963
77,1992,2005
78,1902,1924
79,1978,2022
80,1892,1902
3427,2012,2023
6841726,2019,2023
5152936,2018,2023
81,1921,1954
82,1983,1986
83,1865,1869
84,1830,1844
85,1935,1944
86,1968,1991
87,1977,1992
88,1862,1879
89,1925,1950
90,1992,2023
3329,1910,1930
6595046,2019,2023
2808,1998,2023
91,1830,1841
92,1983,2021
93,1940,1952
6379986,2019,2023
6594531,2019,2023
94,1984,2023
95,1940,1968
96,1994,2013
97,1940,1972
98,1990,2023
7465661,2019,2023
99,1969,1979
100,1899,1914
101,1802,1812
102,1993,2019
103,1931,1958
104,1956,1990
3478,2013,2023
3235,1905,1919
105,1880,1899
3979311,2017,2020
106,1971,2011
3110,2006,2023
107,1922,1941
3540,2014,2023
108,1962,1979
109,1983,2019
110,1959,1997
111,1991,2023
112,1981,2000
3198,1998,2023
3524,2014,2023
113,1801,1802
114,1991,2006
3525,2014,2023
115,1950,1975
2718,1997,2023
116,1985,1992
2909,2001,2023
3360,2011,2023
2858,2000,2021
3102,2006,2023
117,1985,2017
118,1969,1996
119,1961,1994
120,1994,2020
121,1917,1919
122,1971,1975
123,1971,1974
124,1877,1886
5153456,2018,2023
2941,2002,2023
125,1950,1993
3036,2003,2023
126,1981,1987
127,1962,1974
128,1909,1931
9210651,2020,2023
129,1925,1925
130,1892,1907
131,1979,2001
132,1994,2018
133,1939,1954
5018781,2018,2023
134,1972,2001
135,1958,1981
136,1970,2006
137,1961,1992
11226136,2021,2023
138,1992,2023
3297,1967,1968
139,1789,1812
140,1790,1812
141,1961,1988
142,1979,2018
3569,2014,2023
143,1984,2012
12910976,2022,2023
2924,2002,2023
144,1979,2001
145,1962,1976
146,1961,1967
6489616,2019,2023
147,1933,1964
148,1987,2023
149,1982,2010
150,1893,1905
151,1967,1999
152,1991,2023
153,1994,2023
3411,2012,2023
154,1865,1897
3066,2004,2023
13233251,2023,2023
3588,2015,2023
155,1972,2000
4908101,2018,2023
156,1994,2019
2996,2003,2023
157,1991,2020
158,1801,1802
160,1971,2004
3070,2004,2023
3448,2012,2023
3223,2009,2023
6801611,2019,2023
2791,1998,2023
3450,2012,2023
161,1994,2023
162,1979,2023
2856,2000,2023
3130,2006,2023
163,1905,1909
164,1826,1867
3095,2005,2019
3989731,2017,2023
165,1954,1963
166,1939,1940
167,1994,2023
168,1984,2023
169,1858,1861
170,1937,1979
3578,2014,2023
171,1979,1998
172,1876,1893
173,1984,2014
174,1888,1903
175,1913,1949
176,1990,2010
3556,2014,2023
177,1984,1990
178,1982,2005
3396,2011,2023
179,1973,1991
180,1995,2017
181,1937,1971
182,1939,1950
183,1979,1997
184,1979,1992
3259,2010,2023
185,1982,2014
2922,2002,2023
186,1991,2023
3234,1855,1859
187,1959,1999
12916001,2022,2023
188,1971,1980
189,1789,1795
190,1995,2023
3579,2014,2023
3330,1923,1947
191,1820,1824
192,1867,1893
193,1971,2016
194,1914,1925
195,1979,2023
196,1994,2023
197,1870,1892
3552,2014,2023
198,1961,1988
8895341,2020,2023
10300021,2021,2023
199,1881,1916
3363,2011,2023
200,1920,1929
201,1962,1973
3199,1971,1992
202,1986,2023
203,1970,2009
204,1961,2003
3570,2014,2023
205,1953,1984
2884,2000,2023
206,1870,1893
207,1923,1964
208,1944,1970
209,1989,1990
210,1962,1995
211,1980,2011
4444651,2018,2023
3274,1905,1947
212,1914,1944
213,1954,2005
214,1928,1966
215,1954,1982
216,1982,1988
217,1994,2023
218,1990,2021
3580,2014,2023
6595551,2019,2023
3546,2014,2023
219,1796,1802
220,1912,1958
2899,2001,2023
221,1979,2023
222,1934,1978
223,1983,2023
224,1968,2003
225,1850,1861
226,1901,1935
227,1940,1988
3082,2004,2023
228,1966,2002
229,1977,2006
3067,2004,2023
230,1827,1834
231,1978,1983
232,1984,2023
233,1924,1954
234,1864,1870
3012,2003,2023
235,1871,1884
236,1897,1918
237,1889,1902
238,1870,1892
6278456,2019,2023
2859,2000,2017
239,1991,2023
240,1974,2010
4237586,2018,2023
241,1916,1941
3455,2012,2023
5153461,2018,2023
6383991,2019,2020
242,1970,1977
243,1964,2002
244,1933,1963
245,1894,1911
246,1789,1790
3335,2010,2023
2987,2003,2023
247,1954,1986
11442236,2022,2023
4602991,2018,2023
248,1942,1968
249,1957,1997
6729576,2019,2023
250,1979,2003
251,1884,1910
252,1922,1946
253,1962,1979
254,1984,2012
2719,1997,2023
255,1980,1994
3367,2011,2023
256,1971,2008
257,1932,1972
258,1941,1948
259,1968,2016
260,1975,2014
3191,2008,2023
261,1993,2023
262,1994,2023
263,1995,2023
264,1826,1836
265,1980,2023
5375096,2018,2023
266,1940,1949
267,1996,2006
268,1846,1861
269,1971,2000
3488,2013,2023
270,1976,1995
3413,2012,2023
271,1992,2023
272,1991,2000
273,1846,1855
274,1979,1996
275,1866,1882
276,1954,1971
3509,2014,2023
4477666,2018,2023
277,1985,2014
278,1988,2023
279,1975,2014
7049261,2019,2023
280,1881,1901
2840,1999,2023
281,1896,1927
282,1961,1997
3495,2013,2023
283,1985,2012
7545476,2019,2023
3303,NA,1941
284,1875,1906
3088,2005,2017
6840201,2019,2023
285,1955,1993
4028216,2018,2023
286,1833,1853
3387,2011,2023
287,1985,2012
288,1945,1948
289,1962,2012
3023,2003,2023
290,1961,2012
291,1984,2008
3490,2013,2023
292,1875,1901
293,1953,1976
294,1985,2009
295,1947,1984
296,1971,2019
297,1956,1978
298,1866,1886
299,1920,1935
300,1986,2023
301,1890,1910
302,1927,1945
303,1931,1951
3144,2007,2023
304,1965,2005
305,1994,2023
306,1977,1991
307,1979,2009
2838,1999,2023
308,1993,2023
309,1985,2023
310,1994,2023
311,1990,2023
312,1970,2020
6801616,2019,2023
313,1892,1947
314,1982,2006
315,1865,1869
7499211,2019,2023
3116,2006,2023
316,1877,1905
2919,2002,2023
317,1979,2001
318,1979,1995
319,1956,1995
320,1994,2010
3096,2005,2023
321,1937,1981
5373561,2018,2023
322,1958,1988
323,1978,2019
324,1972,2001
3033,2003,2023
325,1925,1928
326,1950,1952
327,1902,1917
328,1994,2001
329,1992,2023
3581,2014,2023
330,1928,1930
331,1945,1964
2925,2002,2023
3114866,2017,2023
332,1864,1874
333,1959,1978
334,1988,2023
335,1922,1939
336,1879,1899
2787,1998,2002
337,1962,2006
2981,2003,2023
2852,2000,2016
338,1929,1962
339,1803,1828
341,1971,2006
340,1950,1974
342,1941,1942
3550,2014,2023
343,1966,1971
344,1979,1994
345,1981,2018
346,1858,1879
347,1929,1951
348,1961,1993
349,1980,2004
350,1974,1998
351,1940,1946
6631566,2019,2023
3386,2011,2023
9280736,2020,2023
352,1994,2023
13268821,2023,2023
353,1826,1839
354,1864,1903
2894,2001,2023
355,1982,2019
356,1913,1927
3002,2003,2023
357,1976,1997
11690376,2022,2023
358,1988,2000
359,1955,1964
360,1988,2010
3011,2003,2023
3236,1913,1938
361,1853,1861
362,1829,1833
363,1971,1972
364,1923,1944
365,1908,1918
366,1995,2023
367,1995,2021
368,1940,1988
4027846,2018,2023
369,1978,2001
370,1980,2023
2692,1967,1974
371,1963,1996
9188596,2020,2023
372,1924,1933
3487,2013,2023
2720,1997,2020
373,1981,2015
3018,2003,2023
374,1932,1938
375,1896,1922
3200,1983,2020
377,1992,2023
378,1992,2014
2994,2003,2023
3375,2011,2023
379,1910,1933
380,1884,1896
381,1962,1976
382,1977,1990
383,1994,2023
384,1979,1998
7883206,2020,2023
385,1979,1995
386,1980,2017
4625001,2018,2023
387,1958,1970
3406,2011,2023
2792,1998,2023
389,1983,2021
390,1949,1979
391,1950,1976
392,1972,2012
393,1863,1887
394,1994,2017
3237,1861,1870
2721,1997,2007
395,1956,1970
3340,2010,2023
2940,2002,2007
396,1966,1987
397,1979,2020
3029,2003,2023
398,1994,2019
399,1959,1986
11732411,2022,2023
400,1837,1865
401,1991,1994
402,1991,2023
403,1927,1953
2880,2000,2014
2890,2001,2013
3376,2011,2023
404,1954,1958
405,1953,1982
406,1986,2016
407,1965,1998
2950,2002,2023
408,1980,2021
3107,2006,2023
409,1954,1994
2722,1997,2023
410,1943,1989
3342,2010,2023
411,1971,2018
3475,2013,2023
412,1993,2023
413,1929,1969
414,1864,1873
415,1796,1811
417,1907,1922
416,1994,2023
3372,2011,2023
3460,2013,2023
3486,2013,2023
2714,NA,1913
3003,2003,2005
2963,2002,2023
418,1995,2023
419,1932,1962
3510,2014,2023
3290,2010,2022
420,1960,1991
421,1994,2010
422,1791,1793
423,1954,1974
424,1878,1881
425,1986,1996
426,1971,2004
3409,2011,2023
427,1947,1975
428,1954,1996
3408,2011,2023
429,1964,1974
3528,2014,2023
11695891,2022,2023
13257261,2023,2023
430,1974,2020
3543,2014,2023
431,1994,2004
432,1979,1985
2780,1899,1914
433,1978,1986
434,1936,1969
435,1961,1997
436,1945,1954
437,1969,1992
438,1895,1908
439,1939,1963
440,1943,1966
441,1866,1891
2960,2002,2023
442,1977,2000
6489106,2019,2023
443,1979,2005
444,1949,1977
445,1925,1943
446,1914,1922
447,1974,2004
448,1955,1971
449,1950,1977
2723,1997,2023
450,1796,1801
451,1958,1969
452,1914,1929
453,1990,2023
454,1991,2001
455,1980,2009
456,1990,2023
457,1996,2017
458,1922,1928
459,1947,1956
460,1858,1881
2942,2002,2023
3298,1928,1953
461,1994,2010
462,1985,2005
10929791,2021,2023
463,1901,1934
464,1924,1934
465,1982,2012
466,1965,2009
467,1993,2013
468,1972,1993
3111,2006,2023
3362,2011,2023
4020796,2017,2023
3564,2014,2023
469,1962,1991
470,1976,2022
471,1979,2022
3019,2003,2023
472,1893,1901
7465651,2019,2023
473,1995,2023
3299,1942,1957
474,1927,1934
475,1965,1984
3288,2010,2023
476,1927,1955
477,1937,1955
478,1995,2023
479,1991,2023
480,1994,2014
6480596,2019,2023
3238,1964,1972
2781,1998,2023
481,1978,1993
482,1965,1995
3024,2003,2023
2976,2002,2023
483,1881,1913
7545466,2019,2023
484,1967,1970
485,1967,1975
486,1979,2018
487,1987,1993
488,1949,1953
489,1938,1963
490,1825,1852
3232,2010,2023
491,1988,2023
492,1985,2023
493,1949,1975
494,1954,1973
2943,2002,2023
496,1973,2009
5018791,2018,2023
497,1944,1967
495,1909,1924
3031,2003,2021
3085,2005,2023
2951,2002,2023
498,1970,2018
499,1971,2001
3420,2012,2023
500,1991,2023
501,1986,2014
3008,2003,2023
2998,2003,2023
502,1974,2008
503,1978,2017
3053,2004,2023
504,1962,1986
3516,2014,2023
505,1994,2023
2845,1999,2010
506,1920,1946
507,1962,1996
1831,1992,2023
508,1976,2023
509,1966,2000
510,1965,1989
511,1979,1988
6770606,2019,2023
11662361,2022,2023
2952,2002,2023
512,1930,1945
3425,2012,2022
513,1971,1990
514,1994,2023
515,1908,1933
516,1981,2023
4028221,2018,2023
517,1992,2023
518,1914,1918
3077,2004,2023
519,1977,1979
2700,1964,2007
520,1985,1987
521,1929,1974
522,1981,2021
523,1930,1939
524,1970,1990
3117,2006,2023
525,1879,1899
526,1961,1988
528,1929,1957
527,1882,1917
529,1982,2012
530,1979,2023
3522,2014,2023
531,1963,1986
2813,1801,1855
2926,2002,2023
532,1962,1978
533,1961,1977
3553,2014,2023
534,1826,1849
2706,NA,1829
3603,2016,2023
535,1961,1978
536,1959,2010
8695161,2020,2023
3037,2003,2023
537,1905,1913
3083,2005,2023
9214156,2020,2023
538,1981,2022
539,1976,1981
9354851,2020,2023
540,1979,2015
8869816,2020,2023
541,1987,2023
542,1966,1999
10376611,2021,2023
3443,2012,2023
543,1947,1988
544,1983,2012
545,1994,2023
546,1967,2017
547,1851,1857
548,1962,1990
549,1789,1810
550,1912,1944
551,1822,1839
552,1981,2016
3365,2011,2023
553,1892,1909
3318,1932,1942
3369,2011,2023
554,1959,1989
555,1977,1996
556,1991,2016
2724,1997,2011
557,1954,1990
558,1836,1860
559,1995,2019
2854,2000,2023
560,1987,1988
561,1939,1967
2881,2000,2017
3381,2011,2023
562,1962,2006
563,1993,2023
564,1985,2023
565,1936,1974
566,1939,1957
567,1986,1998
568,1955,1996
569,1819,1821
3356,2011,2023
570,1995,2017
571,1961,1963
3502,2013,2023
572,1924,1943
573,1862,1877
574,1936,1938
575,1979,2000
576,1801,1841
3265,1885,1902
577,1964,1984
578,1916,1941
3268,1877,1883
2929,2002,2023
2939,2002,2015
3175,2008,2023
579,1994,2023
2701,1962,1988
7545481,2019,2022
580,1945,1969
581,1976,1983
583,1953,1984
582,1924,1966
584,1954,1964
585,1925,1935
9354856,2020,2023
2860,2000,2023
2762,1998,2023
586,1954,1985
587,1911,1914
588,1899,1922
589,1905,1920
12145571,2022,2023
3319,1910,1922
591,1859,1893
592,1979,1992
3597,2015,2023
593,1986,2023
594,1928,1944
595,1979,2015
596,1963,1993
3155,2007,2023
3558,2014,2023
3260,2010,2023
597,1897,1913
598,1864,1873
599,1942,1972
3507,2014,2023
3103,2006,2023
600,1971,1999
590,1992,2011
601,1991,2015
602,1910,1931
603,1935,1959
604,1971,1981
605,1995,2023
3013,2003,2018
12484631,2022,2023
606,1943,1963
3086,2005,2023
607,1978,1999
608,1955,1992
609,1928,1958
610,1978,2021
3064,2004,2023
3341,2010,2023
3201,1984,1999
612,1821,1824
613,1872,1898
3472,2013,2023
614,1840,1841
615,1841,1862
616,1914,1939
617,1992,2022
618,1971,1972
619,1907,1930
620,1961,2006
3582,2014,2023
621,1869,1879
2768,1998,2023
11226656,2021,2023
622,1985,2023
623,1951,1986
7544441,2019,2023
624,1970,2019
625,1995,2023
626,1939,1962
627,1905,1918
628,1991,2020
6273446,2019,2023
629,1994,2023
630,1919,1928
631,1995,2023
3505,2014,2023
3296,1955,1977
3595,2015,2023
632,1933,1956
633,1945,1974
634,1909,1912
635,1947,1967
5197981,2018,2023
636,1961,1981
637,1913,1924
2953,2002,2013
3485,2013,2023
638,1983,2012
639,1987,2023
4273111,2018,2023
12942526,2022,2023
640,1939,1980
641,1981,2023
3164,2007,2023
642,1982,2016
3449,2012,2023
643,1994,2011
3239,1916,1926
644,1965,1987
645,1961,1986
3441,2012,2023
3240,1870,1885
646,1812,1822
647,1790,1790
2995,2003,2023
648,1946,1958
2725,1997,2020
3594,2015,2023
649,1937,1967
650,1850,1884
3421,2012,2023
651,1789,1794
652,1986,1990
653,1988,2023
3097,2005,2023
2817,1806,1809
654,1905,1906
655,1985,2016
3062,2004,2018
656,1939,1979
657,1972,2016
658,1995,2019
8900356,2020,2023
659,1986,2020
660,1984,1988
661,1961,1997
3015,2003,2019
662,1943,1974
663,1974,1985
4517676,2018,2023
664,1868,1896
665,1961,1986
2818,1846,1863
666,1978,2007
667,1970,1995
668,1864,1874
3269,1960,1977
3453,2012,2023
669,1994,2017
670,1857,1880
671,1811,1835
672,1987,2002
673,1875,1888
674,1907,1924
675,1961,1998
676,1847,1855
2861,2000,2023
2896,2001,2023
3336,2010,2023
677,1955,1985
678,1985,2023
679,1967,2008
3202,1999,2023
680,1988,2023
3601,2016,2023
681,1992,2010
682,1995,2023
683,1952,2000
684,1978,2015
685,1967,1981
686,1985,2023
687,1890,1896
688,1937,1970
689,1986,2023
690,1992,2023
691,1963,1995
692,1980,2023
693,1806,1826
694,1957,1961
695,1979,2019
696,1942,1944
3989726,2017,2023
697,1970,2017
3301,1942,1956
698,1974,2009
699,1911,1933
700,1962,2000
11201341,2021,2023
701,1962,1969
702,1832,1836
3491,2013,2023
703,1987,2023
704,1979,2014
2822,1999,2023
705,1796,1800
3159,2007,2023
706,1964,1984
707,1870,1877
708,1970,2013
2903,2001,2018
3380,2011,2023
2944,2002,2023
709,1918,1926
710,1972,2020
711,1979,2015
2933,2002,2023
2983,2003,2017
712,1949,1951
713,1866,1883
714,1917,1949
715,1980,1999
716,1980,2006
717,1962,2005
7223866,2019,2023
718,1955,1989
719,1920,1930
10719696,2021,2023
720,1965,1987
721,1917,1922
722,1916,1948
723,1979,2023
724,1979,2011
725,1899,1923
3302,1931,1941
2707,NA,1900
726,1906,1908
727,1988,2023
728,1991,2023
729,1982,2015
730,1950,1979
3461,2013,2023
3133,2007,2023
731,1966,2007
732,1929,1957
733,1995,2023
734,1919,1938
735,1985,2010
736,1907,1929
737,1979,2020
738,1986,2023
739,1970,2021
740,1931,1959
2823,1999,2015
741,NA,2011
742,1962,2014
3287,2010,2022
743,1983,2022
744,1996,2023
745,1966,2008
746,1993,2003
747,1985,1989
748,1967,1989
3026,2003,2021
749,1959,1995
750,1863,1870
751,1863,1897
3042,2003,2008
3049,2004,2008
752,1977,2023
753,1971,1994
754,1905,1907
755,1949,1959
756,1974,1984
3045,2003,2023
3304,NA,1932
3136,2007,2023
757,1983,2023
758,1970,1997
3047,2003,2023
759,1863,1870
760,1812,1823
761,1959,2000
2834,1999,2020
762,1974,2011
3417,2012,2023
763,1918,1935
2815,1803,1814
764,1985,2008
765,1986,2023
3016,2003,2023
766,1971,2007
767,1974,1983
3280,2010,2023
11442241,2022,2023
768,1979,2012
2789,1998,2023
3030,2003,2011
769,1973,1978
2757,1998,2018
770,1949,1990
771,1962,1996
772,1945,1974
773,1946,1971
774,1995,2012
775,1982,1995
3281,2010,2023
776,1938,1975
777,1935,1969
3203,1949,1992
779,1972,2012
780,1988,2014
781,1932,1978
7328941,2019,2023
3395,2011,2018
782,1981,2014
783,1965,1969
784,1874,1899
785,1909,1942
3438,2012,2023
786,1866,1881
787,1982,2019
788,1962,1987
2793,1998,2023
789,1941,1957
790,1965,1978
791,1939,1965
792,1862,1876
793,1941,1955
794,1961,1971
795,1972,2003
796,1991,1993
12588691,2022,2023
3506,2014,2023
797,1954,1990
798,1971,1999
3254,2010,2023
799,1970,1979
3521,2014,2023
800,1988,2023
2704,1978,2011
2726,1997,2011
2708,NA,1953
801,1994,2023
4022586,2017,2023
802,1959,1986
11226131,2021,2023
2900,2001,2023
3134,2007,2023
2985,2003,2016
803,1980,2011
2855,2000,2023
804,1966,2018
2975,2002,2015
805,1888,1910
806,1963,1996
807,1994,2013
3412,2012,2023
808,1985,2016
809,1982,1996
810,1988,2014
811,1971,1998
812,1991,2023
2727,1997,2012
7544446,2019,2023
7049781,2019,2023
813,1929,1964
814,1940,1972
2862,2000,2023
815,1989,2018
816,1984,2023
817,1980,2002
13261776,2023,2023
818,1994,2023
3389,2011,2023
2874,2000,2023
3183,2008,2023
819,1929,1962
2961,2002,2017
3563,2014,2023
820,1997,2021
11871476,2022,2023
821,1933,1948
3327,1929,1955
822,1966,1999
823,1969,2016
824,1918,1925
825,1981,2011
826,1988,2015
827,1961,2004
828,1965,1999
829,1995,2023
830,1987,1999
831,1849,1859
3549,2014,2023
3228,2009,2023
832,1973,1991
833,1912,1939
3124,2006,2021
834,1984,2020
3452,2012,2023
11732406,2022,2023
3292,2010,2023
3410,2012,2023
835,1974,1995
836,1996,2023
837,1994,2011
838,1967,1993
839,1994,2023
840,1980,1987
841,1962,1981
842,1986,2020
843,1839,1861
844,1969,1990
845,1983,2002
3338,2010,2023
846,1979,1999
847,1949,1969
848,1961,2001
849,1979,1998
850,1981,2014
3032,2003,2023
851,1922,1949
852,1980,2004
853,1957,1988
854,1992,2023
855,1892,1931
3241,1855,1858
856,1840,1856
857,1979,2008
10929801,2021,2023
858,1854,1879
859,1945,1960
860,1980,2001
3583,2014,2023
861,1994,2023
2728,1997,2023
862,1980,2010
863,1994,2022
3407,2011,2023
864,1986,2023
865,1980,2020
866,1981,2023
3403,2011,2023
867,1994,2016
868,1825,1836
869,1852,1853
870,1929,1938
2945,2002,2023
871,1966,2009
872,1923,1955
873,1976,2011
874,1892,1913
2729,1997,2023
875,1962,1965
876,1966,1995
3193,2008,2023
3204,1991,2023
3112,2006,2010
878,1939,1951
3284,2010,2023
3483,2013,2023
11695886,2022,2023
879,1992,2013
880,1978,2023
881,1942,1961
882,1940,1962
883,1969,2022
5153441,2018,2023
884,1995,2023
885,1966,1975
886,1970,1977
3463,2013,2023
887,1964,2002
888,1971,1982
889,1965,1990
3205,2006,2023
890,1967,2009
891,1928,1946
892,1923,1939
3125,2006,2017
893,1992,2023
894,1996,2023
895,1902,1921
2846,1999,2023
896,1945,1976
2758,1998,2023
897,1975,2019
898,1991,2023
899,1986,2023
3243,1919,1951
3325,1924,1937
2916,2002,2023
5014276,2018,2023
900,1957,1998
4025236,2017,2023
901,1944,1970
3355,2011,2023
902,1962,1978
903,1899,1914
904,1881,1902
905,1966,1992
906,1962,1983
907,1971,2007
908,1890,1896
909,1979,2023
910,1968,2001
3242,1928,1947
911,1996,2010
912,1987,2021
913,1978,2000
914,1985,2011
3004,2003,2023
2888,2001,2023
915,1869,1893
916,1846,1870
917,1972,2017
2930,2002,2023
918,1790,1810
3089,2005,2023
3090,2005,2020
919,1801,1802
10270716,2021,2023
920,1950,1965
7049561,2019,2023
3445,2012,2022
2920,2002,2023
3416,2012,2023
921,1921,1957
922,1953,1991
923,1892,1911
3605,2016,2023
924,1955,1965
925,1909,1935
3054,2004,2023
3426,2012,2023
926,1968,1978
6631571,2019,2023
3122,2006,2020
927,1973,2016
928,1966,1974
3051,2004,2023
8869821,2020,2023
929,1985,1998
930,1971,1979
3132,2007,2023
931,1976,1985
2841,1999,2023
2730,1997,2023
932,1986,2000
2889,2001,2023
933,1975,2004
934,1993,2005
935,1994,2023
936,1879,1903
937,1928,1937
938,1976,2023
939,1861,1866
940,1914,1920
941,1991,2016
3493,2013,2023
7049256,2019,2023
942,1954,1991
943,1902,1934
3571,2014,2023
944,1981,2011
945,1802,1820
3171,2008,2023
2731,1997,2023
946,1971,1999
947,1852,1874
948,1942,1979
3073,2004,2021
949,1979,1995
950,1985,1994
951,1823,1871
952,1983,2004
953,1877,1906
7815641,2020,2023
954,1980,2003
955,1844,1861
956,1981,2020
957,1994,2009
958,1935,1945
959,1990,2023
2863,2000,2023
960,1956,1975
961,1953,1973
962,1878,1904
963,1973,2020
964,1914,1954
965,1909,1961
966,1971,2008
2931,2002,2023
12352111,2022,2023
967,1935,1943
968,1890,1912
3589,2015,2023
5375106,2018,2023
969,1994,2003
970,1942,1983
971,1969,2007
972,1992,2023
973,1986,1991
974,1962,1995
3044,2003,2007
975,1980,2010
8648136,2020,2023
976,1984,1997
977,1877,1911
979,1954,1971
980,1989,2023
2689,NA,1994
981,1829,1837
3517,2014,2023
982,1988,2023
983,1802,1802
984,1946,1983
985,1965,1997
3559,2014,2023
986,1983,2001
987,1940,1960
988,1959,1984
989,1982,2023
990,1940,1968
991,1951,1975
2904,2001,2023
992,1966,2017
993,1973,2019
994,1830,1866
3072,2004,2023
995,1950,1976
996,1979,1989
997,1957,1977
998,1949,1963
999,1979,1999
3322,1923,1950
1000,1979,2000
1001,1979,2023
1002,1966,2004
1003,1979,2005
1004,1994,2023
1005,1890,1906
1006,1826,1830
3245,1916,1931
2732,1997,2023
1007,1928,1970
3039,2003,2023
3169,2008,2023
2843,1999,2017
1008,1957,1989
1009,1962,1980
1010,1879,1880
3529,2014,2023
1011,1900,1931
1012,1981,2023
1013,1941,1948
1014,1937,1962
1015,1966,2006
1016,1995,2022
1017,1836,1852
2905,2001,2023
1018,1966,2014
2710,NA,1981
8307871,2020,2023
2794,1998,2023
3433,2012,2023
1019,1943,1946
1020,1964,1983
1021,1968,1999
2693,NA,1949
1022,1959,1974
1023,1986,1990
1024,1980,2023
1025,1992,2023
3542,2014,2023
6831671,2019,2023
1026,NA,1997
1027,1925,1929
1028,1994,2010
1029,1956,1969
1030,1991,2023
1031,1969,1990
1032,1972,1981
3352,2011,2023
2795,1998,2019
3058,2004,2023
1033,1992,2015
10959846,2021,2023
2820,1999,2012
1034,1923,1933
1035,1966,1970
3394,2011,2023
1036,1957,1963
2901,2001,2023
2999,2003,2023
1037,1923,1952
1038,1979,1983
1039,1964,1993
1040,1975,1982
1041,1984,2018
3400,2011,2023
1042,1991,2015
1043,1950,1989
1044,1965,1998
1045,1974,2017
1046,1866,1891
1047,1970,1987
1049,1979,2002
3118,2006,2023
3432,2012,2023
1050,1869,1882
1051,1985,2023
1052,1931,1964
8938396,2020,2023
1053,1996,2023
1054,1983,2023
1055,1793,1802
1056,1986,2023
1057,1917,1935
4025386,2017,2023
1058,1798,1805
1059,1980,2015
2842,1999,2015
12911481,2022,2023
1060,1960,1975
1061,1971,2022
1062,1921,1927
1063,1977,2017
1064,1953,1983
1065,1851,1891
1066,1954,1996
1067,1991,2012
1068,1982,2023
1069,1966,1989
8898346,2020,2023
1070,1971,1996
1071,1954,1983
1072,1985,2015
1073,1984,2023
1074,1904,1914
1075,1936,1969
3343,2010,2023
1076,1910,1919
1077,1968,2014
1078,1934,1958
1079,1931,1946
1080,1836,1842
1081,1918,1961
3128,2006,2023
3076,2004,2020
1082,1902,1932
3353,2011,2023
1083,1994,2005
1084,1980,2011
1085,1903,1914
1086,1945,1969
3027,2003,2012
3224,2009,2023
1087,1994,2023
1088,1990,2023
1089,1899,1921
1090,1950,1985
1091,1870,1877
12917506,2022,2023
1092,1929,1943
3059,2004,2023
1093,1789,1791
1094,1829,1842
5197971,2018,2023
3398,2011,2023
1095,1990,2023
1096,1980,2006
1097,1979,2017
1098,1925,1935
1099,1906,1927
1100,1806,1819
3040,2003,2023
2966,2002,2023
1101,1986,2011
2715,NA,1913
1102,1980,2007
2932,2002,2023
1103,1979,2000
1104,1988,2023
3138,2007,2023
1105,1915,1945
1106,1873,1875
3349,2010,2023
1107,1812,1824
3246,1947,1953
3306,NA,1927
3247,1897,1915
1108,1988,2023
2875,2000,2023
2954,2002,2023
1109,1979,2016
1110,1991,2023
7465656,2019,2023
1111,1968,1979
1112,1977,2017
1113,1910,1948
3270,1860,1864
1114,1985,2023
1115,1874,1898
1116,1962,1985
3489,2013,2023
12082561,2022,2023
1117,1934,1950
1118,1943,1956
1119,1994,1997
1120,1983,2008
3536,2014,2023
1121,1901,1918
1122,1870,1879
1123,1853,1862
2713,NA,1909
1124,1979,1992
2864,2000,2023
1125,1872,1882
3264,1878,1881
1126,1904,1928
1127,1995,2023
1128,1954,2002
1129,1965,2003
1130,1971,1989
1131,1842,1862
1132,1984,2004
2839,1999,2023
1133,1994,2023
1134,1991,2023
3434,2012,2023
1135,1944,1969
1136,1918,1973
1137,1987,1995
1138,1988,2007
2848,1999,2023
1139,1939,1972
1140,1970,1998
1141,1984,1998
1142,1939,1967
3121,2006,2023
1143,1995,2023
6839681,2019,2023
1144,1924,1961
1145,1853,1860
1146,1954,1990
1147,1976,2002
1148,1789,1816
1149,1790,1799
1150,1992,2015
3075,2004,2023
1151,1982,1990
1152,1832,1859
2733,1997,2023
1153,1917,1924
1154,1994,2023
3364,2011,2023
3283,2010,2023
1155,1992,2017
1156,1886,1895
1157,1819,1825
1158,1861,1905
3320,1937,1969
3464,2013,2022
1159,1993,2023
3382,2011,2023
1160,1941,1954
1161,1982,2004
10300101,2021,2023
1162,1992,2023
1163,1923,1958
1164,1879,1892
2782,1998,2023
1165,1923,1940
1166,1957,1990
8869811,2020,2023
3139,2007,2022
1167,1984,2007
1168,1789,1795
1169,1978,2023
1170,1888,1905
13258771,2023,2023
2734,1997,2008
1171,1937,1945
4477671,2018,2023
1172,1986,2014
1173,1955,1973
1174,1940,1975
1175,1985,2023
1176,1925,1945
1177,1875,1878
1178,1836,1849
1179,1917,1930
1180,1956,1999
1181,NA,1933
2788,1998,2023
3321,1947,1963
1182,1916,1919
9210646,2020,2023
3317,1948,1968
1183,1980,2003
1184,1979,2002
1185,1991,2022
1186,1791,1793
1187,1916,1953
1188,1804,1834
2910,2001,2023
8905371,2020,2023
3104,2006,2023
1189,1977,2013
1190,1972,2017
1191,1982,2023
1192,1995,2013
7544951,2019,2023
3192,2008,2023
1193,1939,1944
1194,1985,2023
1195,1850,1851
1196,1996,2023
1197,1981,2023
2946,2002,2021
3272,1940,1976
1198,1924,1930
1199,1994,2009
1200,1979,2002
1201,1994,1996
1202,1923,1965
3160,2007,2023
3041,2003,2023
1203,1990,2023
1204,1979,1982
3358,2011,2023
1205,1901,1914
1206,1955,1993
1207,1962,1979
1208,1860,1861
1209,1967,2002
3152,2007,2023
2831,1999,2012
3126,2006,2023
2974,2002,2006
1210,1988,2023
6834676,2019,2023
2923,2002,2023
8653141,2020,2023
1211,1932,1956
1212,1992,2021
1213,1968,1976
1214,1836,1853
1215,1956,1988
1216,1959,1984
5373566,2018,2023
2990,2003,2023
5197976,2018,2023
1217,1968,2009
6631056,2019,2023
1218,1960,1979
3289,2010,2023
1219,1996,2023
1220,1959,1990
3225,2009,2022
1221,1939,1977
1222,1946,1948
1223,1846,1858
1224,1977,2023
2796,1998,2023
1225,1982,2022
3146,2007,2023
1226,1994,2023
3057,2004,2023
1227,1979,2015
2703,1971,1986
4022736,2017,2023
1228,1994,2016
1229,1983,2010
3606,2016,2023
2828,1999,2021
2735,1997,2009
1230,1966,1997
1231,1950,1992
1232,1949,1960
3114,2006,2018
1233,1986,2023
3458,2013,2023
3176,2008,2023
1234,1979,2018
1235,1968,1989
3572,2014,2023
1236,1979,2023
1237,1947,1986
3307,1933,1947
1238,1992,2023
1239,1942,1945
3231,2010,2023
1240,1983,2023
1241,1980,2004
1242,1979,2006
1243,1979,1998
1244,1967,2019
1245,1967,1996
1246,1970,2012
1247,1901,1921
1248,1984,2023
10719691,2021,2023
3069,2004,2008
3479,2013,2023
1249,1983,2005
3471,2013,2023
2783,1998,1998
1250,1980,1996
1251,1992,2023
1252,1987,2023
3687506,2017,2023
3098,2005,2023
1254,1992,2002
1253,1931,1955
1255,1924,1960
1256,1975,1988
1257,1970,2014
1258,1944,1952
2736,1997,2023
1259,1921,1957
2821,1999,2023
1260,1931,1962
5375101,2018,2023
1261,1990,2009
1262,1954,1973
1263,1980,1997
1264,1922,1933
1265,1994,2023
1267,1968,1974
1266,1939,1952
5374586,2018,2023
1268,1956,1992
1269,1924,1935
1270,1994,2023
1271,1876,1879
3593,2015,2023
3179,2008,2023
1272,1880,1895
1273,1801,1802
1274,1979,1998
1275,1961,1974
1277,1959,1995
1278,1910,1938
2812,1802,1806
2737,1997,2023
3308,1931,1948
7815626,2020,2023
1279,1920,1924
1963,1979,2023
2769,1998,2019
1280,1995,2017
1281,1970,2023
10824736,2021,2023
2790,1998,2023
1282,1972,2010
2971,2002,2023
1283,1966,2003
1284,1974,2004
1285,1950,1958
1286,1896,1904
1287,1927,1970
9353346,2020,2023
1288,1981,2020
1289,1970,1973
2970,2002,2023
5374581,2018,2023
1290,1986,1991
1291,1937,1976
1292,1970,1998
1293,1910,1923
1294,1972,2004
1295,1906,1930
9175581,2020,2023
7815636,2020,2023
1296,1932,1955
1297,1953,1983
1298,1950,1959
1299,1890,1904
1300,1870,1881
1301,1918,1966
1302,1970,1981
3344,2010,2023
5675191,2018,2023
1303,1980,2023
1304,1959,1992
1305,1994,2023
3279,2010,2021
1306,1899,1918
1307,1997,2023
7460631,2019,2023
1308,1992,2023
1309,1985,2023
1310,1995,2023
1311,1945,1957
1312,1986,2019
1313,1982,2023
7223861,2019,2023
1314,1985,2017
1315,1956,2002
1316,1983,2009
3554,2014,2023
1317,1979,2017
3005,2003,2012
1318,1865,1888
1319,1967,1998
1320,1981,1992
2914,2002,2023
3368,2011,2023
1321,1970,2004
2977,2002,2023
11226141,2021,2023
3388,2011,2023
1322,1959,1969
3267,1971,1982
1323,1992,2021
1339,1985,1996
1324,1944,1967
1325,1970,1986
1326,1888,1916
1327,1983,2007
7395471,2019,2023
1328,1986,2023
1329,1988,2023
1330,1910,1916
1331,1888,1893
1332,1915,1916
1333,1987,2023
1334,1967,1995
1335,1993,2013
2911,2001,2023
3206,1965,1990
1337,1905,1922
1338,1960,1967
3313,1969,1979
1340,1861,1863
3222,2009,2023
1341,1965,1973
1342,1904,1912
5197986,2018,2023
3167,2007,2023
1343,1954,1989
1344,1987,2023
1345,1961,1990
3984221,2017,2023
1346,1961,2001
3105,2006,2009
1347,1968,2009
2797,1998,2023
1348,1968,2004
3544,2014,2023
1349,1996,2023
1350,1794,1796
1351,1789,1806
1352,1968,1979
3309,1943,1975
1353,1837,1841
3181,2008,2023
1354,1938,1958
2865,2000,2023
1355,1995,2023
1356,1966,2007
1357,1957,1988
2738,1997,2023
2694,1951,1953
1358,1942,1966
1359,1940,1949
1360,1834,1871
1361,1942,1952
1362,1984,1987
1363,1986,2001
1364,1966,1972
1365,1936,1972
1366,1990,2011
1367,1943,1949
10534666,2021,2023
2809,1998,2017
3428,2012,2022
6453086,2019,2023
1368,1823,1839
1369,1984,2023
1370,1981,2023
3574,2014,2023
2882,2000,2023
159,1991,2013
1371,1984,2001
1372,1936,1968
6731091,2019,2023
1373,1976,1987
2965,2002,2020
1374,1985,2023
1375,1984,2013
3512,2014,2023
2763,1998,2023
1376,1939,1965
1377,1947,1958
1378,1996,2023
1379,1995,2023
3312,1929,1944
2921,2002,2023
1380,1992,2023
1381,1932,1965
1382,1928,1935
1383,1985,2014
1384,1977,1993
1385,1965,1979
1386,1956,1976
1387,1990,2007
1388,1969,1971
1389,1946,1970
3526,2014,2023
3513,2014,2023
1390,1987,2023
1391,1956,1983
3435,2012,2023
1392,1960,1983
1393,1906,1941
1394,1991,1999
1395,1791,1792
6830641,2019,2023
1396,1956,1971
1397,1988,2007
7545471,2019,2023
1398,1983,2008
3177,2008,2023
10904781,2021,2023
2978,2002,2019
1399,1989,2019
1400,1951,1981
1401,1922,1958
1402,1993,2009
2756,1998,2023
1403,1936,1965
2853,1999,2023
3140,2007,2023
2764,1998,2023
3523,2014,2023
1404,1994,2023
1405,1984,2006
3266,1929,1966
1406,1984,2008
1407,1972,2016
3147,2007,2023
1408,1806,1823
12261091,2022,2023
1409,1896,1908
1410,1872,1912
1411,1989,2023
1412,1977,1998
3534,2014,2023
3345,2010,2023
1413,1990,2023
1414,1934,1955
1415,1984,2023
1416,1991,2023
1417,1870,1875
11225616,2021,2023
1418,1954,1972
1419,1961,1991
1420,1966,1985
2835,1999,2023
3262,1858,1877
1421,1928,1941
1422,1979,1995
1423,1990,2023
1424,1856,1891
1425,1985,2023
1426,1941,1945
1427,1978,1999
1428,1898,1911
1429,1922,1933
1431,1789,1802
1430,1865,1884
1432,1988,2018
1433,1971,1984
1434,1995,2023
7390466,2019,2023
3119,2006,2023
8864776,2020,2023
1435,1985,2016
1436,1930,1944
1437,1955,1999
1438,1939,1941
1439,1991,2023
1440,1961,1986
1441,1893,1914
1442,1921,1932
1443,1991,2006
1444,1971,1995
7470671,2019,2023
1445,1919,1925
1446,1982,1997
2866,2000,2009
1447,1995,2023
1448,1966,1976
2849,1999,2023
1449,1945,2000
1450,1870,1887
1451,1961,2000
1452,1961,1970
1453,1911,1943
1454,1967,1998
1455,1969,1995
1456,1977,2005
1457,1959,1989
3248,1941,1972
1458,1945,1976
1459,1801,1802
1460,1986,2013
3278,2010,2023
1461,1981,2023
1462,1856,1860
1463,1939,1968
2915,2002,2023
1464,1972,2005
1465,1935,1952
1466,1986,1996
1467,1934,1972
12282101,2022,2023
3207,1967,2002
3153,2007,2023
1468,1985,2023
8307866,2020,2023
1469,1936,1946
2798,1998,2006
1470,1986,2023
1471,1994,2020
3456,2012,2023
1472,1976,2006
1473,1966,1987
1474,1982,2002
1475,1916,1939
2739,1997,2023
1476,1790,1796
1477,1985,1997
3397,2011,2023
1478,1936,1989
1479,1972,1991
5018796,2018,2023
1480,1988,2023
1481,1963,2001
1482,1980,2014
3537,2014,2023
2955,2002,2023
2836,1999,2023
1483,1987,2023
1484,1950,1993
1485,1980,2023
3256,2010,2023
2814,1801,1803
1486,1801,1835
1487,1896,1915
1488,1973,1996
1489,1962,1993
7543931,2019,2023
1490,1996,2021
2876,2000,2021
1491,1979,2013
1492,1911,1948
3305,1958,1966
1493,1906,1915
1494,1961,1984
1495,1935,1962
1496,1990,2003
1497,1928,1937
2956,2002,2023
2917,2002,2021
3060,2004,2023
3348,2010,2023
2964,2002,2023
3608,2016,2023
2912,2001,2023
1498,1847,1863
1499,1841,1844
1500,1967,1973
3541,2014,2023
6130381,2019,2023
1501,1945,1967
3351,2010,2023
1502,1935,1962
12588661,2022,2023
1503,1991,2005
1504,1974,2019
3184,2008,2023
1505,1958,1980
1506,1950,1988
1507,1881,1889
3092,2005,2021
2775,1998,2013
3162,2007,2023
1508,1888,1916
1509,1965,2010
3562,2014,2023
1510,1987,2023
1511,1912,1924
2934,2002,2023
6594536,2019,2023
3584,2014,2023
1512,1978,2004
1513,1855,1863
1514,1941,1976
1516,1992,2023
1517,1986,2023
1518,1990,2022
3499,2013,2023
1519,1841,1861
1520,1905,1920
1521,1992,2023
1522,NA,1926
1523,1859,1876
1524,1929,1929
1525,1949,1964
1526,1882,1886
3323,NA,1939
1527,1921,1942
1528,1801,1802
1529,1990,2010
1530,1937,1959
1531,1893,1907
3371,2011,2023
2980,2002,2009
1532,1938,1952
1533,1879,1916
1534,1924,1960
1535,1914,1929
1536,1879,1884
1537,1961,1977
1538,1970,2008
1539,1979,2014
2765,1998,2014
1540,1991,2023
1541,1928,1937
1542,1985,2007
1543,1864,1869
1544,1979,1988
3598,2015,2023
1545,1901,1933
1546,1935,1950
7049776,2019,2023
1547,1965,1981
1548,1969,1982
3975196,2017,2023
7539421,2019,2023
1549,1970,1988
1550,1954,1975
1551,1923,1925
1552,1974,1999
8900361,2020,2023
1553,1950,1972
1554,1971,2021
1555,1963,1987
1556,1946,1952
1557,1941,1986
3511,2014,2023
3518,2014,2023
1558,NA,1897
1559,1955,1963
1560,1856,1861
1561,1977,2020
1562,1992,2005
1563,1994,2023
1564,1923,1925
1565,1992,2002
1566,1892,1925
1567,1990,2023
1568,1869,1891
2761,1998,2023
1569,1984,2023
1570,1837,1852
1571,1995,2023
1572,1871,1871
1573,1987,2017
3022,2003,2004
1574,1971,1976
1575,1950,1976
1576,1943,1977
1577,1981,2013
1578,1992,1999
2867,2000,2020
1579,1994,2013
1580,1962,1972
1581,1829,1861
1582,1932,1941
2799,1998,2023
1583,1962,2017
1584,1968,1995
1585,1932,1941
1586,1971,1985
1587,1978,2006
1588,1976,1981
1589,1797,1833
1590,1982,2014
1591,1951,1964
1592,1990,2023
1593,1927,1936
1594,1979,1991
9280216,2020,2023
1595,1964,1985
1596,1979,1993
3439,2012,2023
1597,1899,1919
1598,1900,1915
1599,1986,1989
1600,1966,2004
1601,1961,1973
1602,1914,1946
3476,2013,2023
2958,2002,2021
1603,1928,1960
1604,1970,2013
1605,1942,1968
1606,1974,1983
1607,1991,2023
1608,1970,2002
1609,1947,1980
1610,1899,1939
1611,1925,1946
1612,1963,1981
1613,1965,1980
3585,2014,2023
1614,1994,2023
3195,2008,2023
1615,1945,1957
1616,1992,2002
1617,1977,2015
7365461,2019,2023
1618,1982,2007
3172,2008,2023
13258766,2023,2023
3551,2014,2023
3547,2014,2022
11226646,2021,2023
1619,1982,2001
1620,1956,1966
1621,1962,1988
1622,1985,1994
1623,1967,1998
10826741,2021,2022
1624,1855,1889
1625,1959,1996
1626,1977,2022
1627,1992,2023
1628,1975,2007
1629,1993,2023
1630,1959,2009
3503,2014,2023
1631,1980,2005
1632,1993,2011
1633,1988,2010
3514,2014,2023
1634,1961,1973
1635,1954,1965
2770,1998,2021
1636,1969,1974
2741,1997,2023
1637,1982,2023
1638,1979,1994
3392,2011,2023
1639,1983,2016
1640,1974,2013
1641,1994,2023
1642,1922,1960
1643,1848,1873
3170,2008,2023
6063776,2019,2023
3108,2006,2023
1644,1973,1994
1645,1970,1986
2742,1997,2023
1646,1941,1981
1647,1954,1978
1648,1937,1945
1649,1985,2023
1650,1862,1890
1651,1939,1965
1652,1996,2013
1653,1945,1976
1654,1955,1976
3496,2013,2023
3271,1868,1874
2902,2001,2023
1655,1985,2023
3000,2003,2018
1656,1958,1963
1657,1981,2012
1658,1941,1965
1659,1960,2004
1660,1979,1980
1661,1966,2001
1662,1937,1965
9219166,2020,2023
1663,1951,1957
1664,1927,1952
3310,1945,1962
1665,1996,2023
2784,1998,2023
1666,1925,1940
1667,1834,1861
3021,2003,2023
12588656,2022,2023
11690371,2022,2023
1668,1996,2023
1669,1888,1892
3300,1910,1920
12941021,2022,2023
1670,1995,2014
3504,2014,2023
2877,2000,2023
1671,1982,2023
1672,1906,1910
2743,1997,2023
1673,1799,1804
1674,1941,1958
1675,1935,1962
1676,1981,2013
1677,1995,2023
1678,1992,2023
3129,2006,2023
1679,1958,1982
3465,2013,2023
1680,1994,2023
5152931,2018,2023
1682,1924,1938
6278461,2019,2023
1683,1979,2009
2800,1998,2022
2751,1998,2001
1684,1990,2023
1685,1992,2022
1686,1956,1959
1687,1961,2001
1688,1967,2002
3422,2012,2023
3530,2014,2023
1689,1872,1883
1690,1958,1961
3500,2013,2023
1691,1921,1953
1692,1919,1930
1693,1939,1960
1694,1974,1978
1695,1893,1905
1696,1903,1924
1697,1790,1815
1698,1879,1912
12077556,2022,2023
6589526,2019,2023
2753,1998,2016
1699,1892,1929
2816,1815,1863
1700,1912,1940
1701,1970,1998
1702,1925,1947
2969,2002,2023
1703,1995,2023
3034,2003,2023
3249,1926,1929
3561,2014,2023
1704,1966,2005
1705,1994,2023
1706,1985,2023
1707,1970,2010
1708,1963,1999
1709,1964,2007
3337,2010,2023
1710,1970,2011
1711,1987,2006
1712,1990,2023
1713,1971,1981
1714,1943,1957
1715,1907,1941
1716,1897,1915
2801,1998,2020
1717,1976,2008
2832,1999,2020
2885,2000,2011
1718,1979,2000
1719,1938,1945
1720,1980,2018
1721,1950,1958
6105366,2019,2023
1722,1940,1949
2766,1998,2013
1723,1977,2022
12912496,2022,2023
1724,1946,1962
1725,1995,2023
3180,2008,2023
1726,1951,1995
1727,1937,1975
1728,1967,1995
1729,1971,1999
1730,1949,1994
1731,1995,2023
3208,1987,2023
1733,1934,1940
7470666,2019,2023
3361,2011,2023
10931806,2021,2023
10931811,2021,2023
4625006,2018,2023
1734,1973,2008
2696,1966,1972
12880961,2022,2023
7330456,2019,2023
3393,2011,2022
3255,2010,2023
1735,1971,1994
1736,1963,2018
10226111,2021,2023
1737,1917,1950
1738,1962,1989
3154,2007,2023
1739,1972,1979
3094,2005,2006
13263786,2023,2023
1740,1985,2010
1741,1979,1998
1742,1979,2023
1743,1990,2003
1744,1858,1896
5373051,2018,2023
1745,1845,1872
3339,2010,2023
1746,1990,2011
1747,1879,1897
1748,1983,2001
1749,1913,1943
1750,1985,2009
1751,1967,1974
1752,1929,1952
1753,1979,2022
1754,1971,2005
3209,1968,1999
1755,1971,1979
9084011,2020,2023
1756,1984,2023
1757,1887,1920
3267886,2017,2023
3227,2009,2012
1758,1965,1996
6489111,2019,2023
1759,1964,1990
1760,1977,2002
1761,1990,2023
1762,1840,1861
1763,1930,1943
1764,1971,1999
1765,1991,2023
6489101,2019,2023
1766,1988,1990
1767,1980,1996
1768,1892,1918
1769,1991,2003
1771,1870,1889
1770,1980,2019
1772,1968,1989
1773,1962,1997
1774,1966,1992
1775,1950,1964
1776,1985,2017
1777,1928,1952
1778,1982,2021
1779,1932,1977
5019301,2018,2023
1780,1984,2023
1781,1986,2023
5374071,2018,2023
1782,1980,1997
1783,1927,1946
1784,1961,2003
1785,1990,2023
3276,1865,1905
1786,1989,2008
7224376,2019,2023
1787,1981,2023
1788,1907,1913
3418,2012,2023
1789,1995,2023
3466,2013,2023
3015971,2017,2023
1790,1988,2023
1791,1978,2015
1792,1931,1948
2937,2002,2023
3331,1944,1962
3468,2013,2017
1793,1945,1949
1794,1971,1998
1795,1940,1949
3165,2007,2023
1796,1981,2023
1797,1975,1984
1798,1932,1948
3151,2007,2023
10894766,2021,2023
1799,1970,2017
1800,1994,2022
1801,1994,2023
3135,2007,2023
1802,1983,2018
1803,1986,2023
1804,1957,1975
1805,1995,2023
1806,1970,2007
1808,1977,2013
3379,2011,2023
1809,1854,1861
11225621,2021,2023
4947641,2018,2023
3454,2012,2023
1810,1863,1879
1811,1962,1990
1812,1994,2023
3311,1940,1969
3591,2015,2023
1813,1995,2003
1814,1909,1922
1815,1945,1965
3474,2013,2023
1816,1974,2003
3156,2007,2023
1817,1991,2007
5019306,2018,2023
2988,2003,2020
1818,1925,1944
1819,1979,1987
1820,1973,2015
3520,2014,2023
1821,1972,2010
3145,2007,2023
1822,1790,1799
6840716,2019,2023
12007536,2022,2023
1823,1992,2023
1824,1994,2000
1825,1919,1941
1826,1801,1842
1827,1979,2010
3951691,2017,2023
2802,1998,2023
1828,1954,1989
10761211,2021,2022
2844,1999,2023
1829,1980,2018
3573,2014,2023
1830,1881,1919
6420566,2019,2023
1832,1817,1835
1834,1994,2001
1833,1969,1993
1835,1990,2003
1836,1875,1896
1837,1987,2022
1838,1925,1958
1839,1979,2014
3515,2014,2023
1840,1979,2002
4028131,2018,2023
1841,1954,1959
1842,1894,1907
1843,1818,1822
3590,2015,2023
1844,1961,1993
1845,1923,1926
1846,1980,2012
1847,1793,1806
1848,1988,2015
1849,1930,1940
1850,1960,1965
1851,1883,1901
1852,1932,1964
1853,1982,2016
2803,1998,2021
1854,1963,1983
2897,2001,2023
1855,1992,2023
3347,2010,2023
2833,1999,2023
3263,1863,1878
1856,1822,1836
1857,1919,1923
1858,1962,1993
1859,1966,1993
1860,1895,1909
3275,1892,1913
1861,1970,2000
1862,1961,2000
1863,1789,1796
1864,NA,1825
1865,1979,2007
1866,1816,1826
1867,1840,1845
3566,2014,2023
2824,1999,2012
12912486,2022,2023
10924786,2021,2023
1868,1979,2020
1869,1994,2023
1870,1951,1984
1871,1979,2011
1872,1972,1982
1873,1921,1953
1874,1792,1828
3532,2014,2023
3230,2010,2023
1875,1966,2003
1876,1978,2015
1877,1888,1910
3484,2013,2023
1878,1963,1985
1879,1978,2017
1880,1987,1991
3414,2012,2023
1881,1923,1974
2967,2002,2023
2847,1999,2023
5374591,2018,2019
1882,1939,1963
1883,1990,2004
1884,1795,1804
1885,1949,1983
1886,1982,2011
1887,1971,1995
1888,1993,2023
3497,2013,2023
1889,1940,1970
2851,2000,2015
7465646,2019,2023
1890,1825,1864
3586,2014,2023
1891,1912,1922
6840196,2019,2023
1892,1966,2012
1893,1989,2023
1894,1949,1965
1895,1902,1913
1896,1974,2017
1897,1961,1987
1898,1982,2018
3210,1995,2016
1900,1970,2000
1901,1987,2002
1902,1979,2002
1903,1967,2004
1904,1978,2012
1905,1936,1954
1906,1903,1937
1907,1980,2013
2785,1998,2023
1908,1994,2023
1909,1976,1997
1910,1994,1998
1911,1958,1976
1912,1819,1850
1913,1949,1969
1914,1912,1916
1915,1982,1985
1916,1964,1986
1917,1994,2010
5373046,2018,2023
1918,1966,1989
1919,1979,2003
1920,1974,1991
1921,1939,1953
1922,1981,2017
1923,1802,1857
1924,1982,2013
1925,1981,2009
1926,1959,1975
1927,1971,1998
1928,1984,2018
1929,1976,1995
1930,1968,1995
1931,1970,1989
2744,1997,2023
3282,2010,2023
3061,2004,2023
1932,1924,1963
1933,1996,2023
1934,1967,2017
1935,1842,1857
1936,1992,2023
2878,2000,2023
1937,1945,1971
1938,1962,1963
1939,1979,1997
1940,1894,1895
1941,1903,1921
1942,1987,2015
1943,1931,1953
3025,2003,2023
1944,1980,2019
2892,2001,2023
12905966,2022,2023
3560,2014,2023
3050,2005,2023
6840711,2019,2023
1945,NA,1909
1946,1897,1908
1947,1961,2002
1948,1892,1917
1949,1980,2023
1950,1905,1911
2982,2003,2016
4263096,2018,2018
3480,2013,2023
1951,1992,2023
10236621,2021,2023
2697,NA,1964
1952,1990,2014
1953,1982,2008
1954,1987,2002
1955,1933,1940
1956,1990,2023
1957,1995,2023
1958,1979,2023
1959,1980,1989
3405,2011,2023
3383,2011,2023
1960,1980,1992
1961,1992,2016
1962,1842,1846
1964,1990,2023
1965,1823,1832
6731086,2019,2023
6135386,2019,2023
3211,1949,1988
1967,1910,1911
8299341,2020,2023
2767,1998,2000
1968,1902,1925
5373556,2018,2023
3538,2014,2023
1969,1947,1978
1970,1925,1946
3212,1968,1991
1972,1984,2005
2968,2002,2023
6103361,2019,2023
2886,2000,2019
1973,1966,2019
12537146,2022,2023
1974,1988,2004
1975,1979,2020
1976,1892,1898
1977,1980,2020
1978,1979,2013
1979,1904,1924
1980,1891,1892
1981,1973,1984
1982,1988,2020
1983,1979,1994
1984,1938,1980
1985,1923,1971
3346,2010,2023
2907,2001,2023
3508,2014,2020
1986,1962,1987
1987,1955,1972
1988,1971,2005
3157,2007,2023
6841731,2019,2023
1989,1992,2023
1990,1980,2018
3226,2009,2023
1991,1909,1930
1992,1994,1997
1993,1971,1980
1994,1980,2005
3213,1983,2023
3482,2013,2016
1996,1985,1993
13263791,2023,2023
3366,2011,2023
1997,1965,2002
1998,1985,2007
1999,1945,1964
2000,1937,1967
3415,2012,2023
2001,1980,2023
2002,1956,1999
2003,1903,1909
5374576,2018,2023
5090921,2018,2023
3214,1957,1982
3277,1874,1896
2004,1971,1997
2005,1976,1983
3087,2005,2023
2006,1890,1906
2007,1941,1953
2008,1945,1967
3215,1998,2023
2009,1941,1950
7545461,2019,2023
2010,1994,2001
2011,1950,1956
2891,2001,2023
2012,1890,1923
2013,1850,1861
2014,1934,1936
2015,1985,2023
2016,1929,1936
2017,1950,1978
2018,1871,1882
2019,1951,1982
2020,1956,1969
3065,2004,2023
2021,1906,1939
2022,1969,1985
2711,NA,1939
2023,1966,1988
3001,2003,2005
2024,1930,1945
2777,1998,2023
2025,1982,1987
2776,1998,2023
2026,1994,2010
2027,1824,1828
2028,1966,2000
10959341,2021,2023
2908,2001,2023
2029,1979,2019
2030,1956,1991
2031,1964,1998
3028,2003,2010
2032,1991,2017
8900351,2020,2023
2033,1992,2023
2034,1959,1986
2035,1935,1964
11972521,2022,2023
3043,2003,2023
2036,1946,1963
4733056,2018,2023
2037,1985,2023
10229116,2021,2023
3020,2003,2023
2038,1972,2003
2039,1913,1926
2040,1896,1911
2962,2002,2023
2041,1994,2023
2042,1975,2016
2043,1954,1964
3404,2011,2023
2044,1991,2011
3473,2013,2023
2045,1970,2006
2046,1910,1927
3442,2012,2023
2935,2002,2023
2047,1990,2017
2048,1971,1972
2049,1985,2010
3437,2012,2014
2050,1962,1999
3557,2014,2023
2051,1984,2019
2052,1970,2006
3216,1968,1995
3533,2014,2023
2054,1992,2023
2055,1962,1973
2056,1994,2023
2057,1970,2013
3565,2014,2023
2058,1887,1928
3385,2011,2023
2059,1954,1963
2060,1921,1925
2061,1826,1840
3607,2016,2023
10749706,2021,2023
2062,1977,1998
2063,1985,1991
2064,1962,1974
2065,1980,2023
2066,1984,1992
6840191,2019,2023
2067,1977,2007
2913,2001,2023
2068,1966,1991
2069,1971,1995
11692381,2022,2023
2070,1911,1931
7330446,2019,2023
2936,2002,2023
11445751,2022,2023
6384996,2019,2023
2071,1923,1931
6098356,2019,2023
2072,1965,2011
2073,1981,1990
2074,1966,1998
3429,2012,2023
2075,1910,1919
2076,1940,1955
2077,1994,2023
2078,1789,1795
2079,1939,1949
2080,1981,1995
2081,1985,2023
2082,1947,1981
2083,1983,2011
2084,1986,2017
2085,1884,1890
2086,1882,1890
3035,2003,2023
2087,1979,2023
2774,1998,2023
2088,1979,2002
2089,1884,1898
3377,2011,2023
3354,2011,2023
2090,1985,2023
2091,1931,1958
3158,2007,2023
2092,1905,1920
2093,1925,1964
2094,1892,1928
11345676,2022,2023
3068,2004,2023
2095,1978,2016
2096,1979,2008
3091,2005,2009
2097,1994,2023
2098,1908,1930
3567,2014,2023
2099,1996,2023
2100,1993,2023
2101,1979,1996
2102,NA,1924
2103,1907,1909
2104,1940,1961
2947,2002,2023
2105,1913,1934
2106,1870,1891
3055,2004,2023
2107,1971,1976
2108,1982,2016
3258,1856,1861
2109,1946,1971
8894336,2020,2023
2110,1992,2023
2111,1973,1985
2112,1994,2016
2113,1988,2023
7815631,2020,2023
3071,2004,2008
2868,2000,2023
3109,2006,2023
2114,1991,2023
3481,2013,2023
2115,1970,1994
2116,1954,1968
3078,2004,2016
3451,2012,2023
2117,1911,1912
4268601,2018,2023
2118,1922,1945
2825,1999,2023
2119,1979,2023
3587,2014,2023
3168,2007,2023
2959,2002,2023
2120,1993,2003
2121,1976,2012
2122,1968,2000
2123,1979,2005
2124,1974,2013
2125,1976,2017
2126,1944,1970
2127,1940,1945
2128,1984,1987
3257,1881,1891
3399,2011,2023
2129,1966,1983
2130,1922,1948
2804,1998,2010
12912491,2022,2023
2131,1970,2001
2132,1985,1990
3189,2008,2023
4622996,2018,2023
2133,1992,2023
3084,2005,2023
2134,1966,1990
2135,1893,1915
2136,1976,2004
2137,1979,2023
2138,1992,2023
3229,2009,2023
7049771,2019,2023
3185,2008,2023
2139,1966,1998
2810,1998,2023
4268606,2018,2023
2992,2003,2023
2140,1982,1986
2141,1985,1987
2143,1979,2011
2144,1911,1931
2145,1995,2023
2146,1974,1987
2147,1962,1996
3148,2007,2023
2148,1877,1888
2149,1886,1911
2150,1789,1818
2151,1993,2023
2152,1882,1897
2805,1998,2022
2153,1979,2023
2154,1981,2012
3359,2011,2023
2155,1980,2018
3527,2014,2023
2156,1993,2011
2157,1980,1984
2158,1990,2020
2159,1978,2016
2160,1973,2009
2161,1983,2022
3370,2011,2017
2162,1971,1980
3048,2004,2023
2163,1993,2020
2164,1944,1950
2165,1979,1999
2166,1962,1972
2760,1998,2023
3446,2012,2023
2167,1990,2022
2168,1951,1967
2169,1946,1974
2170,1899,1914
3444,2012,2023
2171,1975,1978
2172,1893,1917
3127,2006,2023
2173,1869,1878
2174,1908,1934
2175,1804,1830
2176,1961,1976
3120,2006,2023
2177,1867,1872
2178,1818,1823
2179,1873,1902
2180,1860,1873
3440,2012,2023
2181,1892,1903
2182,1882,1903
2183,1979,2017
2184,1895,1898
2185,1990,2023
3467,2013,2023
2186,1919,1958
2187,1915,1931
2188,1977,2009
2189,1985,2022
2190,1975,1991
11695896,2022,2023
1681,1994,2023
2752,1998,2023
2191,1992,2019
2192,1978,2014
3378,2011,2023
2993,2003,2023
2193,1923,1964
2194,1964,1999
2195,1887,1904
2196,1986,2023
2197,1950,1987
7465641,2019,2023
2873,2000,2023
7543926,2019,2023
2198,1990,2023
2199,1966,1992
3250,1928,1929
2745,1997,2023
2746,1997,2023
2200,1957,1992
2201,1790,1802
3401,2011,2023
2702,1966,2004
2202,1820,1825
2203,1973,2005
2204,1972,2012
2205,1990,2023
11662366,2022,2023
2772,1998,2018
2206,1925,1943
2759,NA,1913
2207,1951,1970
3194,2008,2023
2208,1979,2022
2209,1986,2011
2210,1857,1877
3332,1959,1968
2212,1862,1864
2211,1995,2023
2213,1988,2002
3519,2014,2023
2214,1978,2001
2215,1988,2005
2216,1987,2020
2217,1911,1924
3333,1910,1928
2218,1801,1802
2219,1987,2023
2220,1941,1980
2221,1966,1992
2948,2002,2023
3113,2006,2023
3137,2007,2023
2222,1968,1982
2223,1995,2023
2224,1956,1962
2225,1989,2023
6595041,2019,2023
2226,1966,1990
2227,1965,1974
2228,1962,1978
2229,1911,1922
2230,1984,2016
2972,2002,2023
2231,1941,1968
2232,1917,1924
2895,2001,2020
3093,2005,2022
2233,1917,1924
2234,1973,2008
2235,1984,1986
3182,2008,2023
2747,1997,2023
2236,1973,1980
2237,1956,1973
2238,1979,1985
2239,1991,2016
2240,1950,1987
2241,1923,1963
2242,1955,1979
3545,2014,2023
3539,2014,2023
2243,1992,2009
2244,1990,1990
3163,2007,2023
2245,1991,2023
2246,1929,1950
2247,1990,2006
2248,1989,2020
2249,1946,1952
2250,1962,1982
2251,1885,1918
2252,1979,1991
2253,1986,2017
2254,1980,2014
2255,1985,2000
2256,1841,1865
2257,1971,1982
3007,2003,2023
2258,1981,2008
2259,1979,1995
2260,1994,2021
3477,2013,2023
2957,2002,2018
2261,1925,1949
2262,1987,2023
2263,1904,1931
2264,1975,2023
2265,1974,2015
2266,1968,1970
2267,1990,1992
2268,1979,2005
2269,1950,1978
2270,1990,2023
3217,2003,2023
2271,1987,2015
2272,1958,2001
2273,1958,1971
2274,1985,2023
2275,1970,1985
3291,2010,2022
6840706,2019,2023
2276,1983,1989
2277,1946,1968
3081,2004,2023
3286,2010,2023
2278,1993,2023
2279,1950,1995
2771,1998,2023
2280,1958,1986
2879,2000,2023
2986,2003,2023
2281,1970,2006
2282,1995,2023
3063,2004,2018
2283,1961,2001
2284,1935,1965
2285,1935,1955
2286,1802,1818
2287,1960,1982
2288,1976,1988
2289,1973,1987
2290,1970,2019
2291,1981,1998
2837,1999,2023
2292,1994,2023
2293,1972,1994
2294,1954,1985
2295,1951,1953
6840721,2019,2023
2296,1986,2016
3575,2014,2023
2297,1992,2015
2298,1790,1790
3592,2015,2023
2299,1925,1946
2300,1916,1958
2301,1933,1963
2302,1811,1845
2749,1998,2023
2303,1871,1874
2304,1984,2014
3294,2010,2023
3602,2016,2023
2305,1985,2017
4097796,2018,2023
2778,1998,2023
10376616,2021,2023
2306,1985,2023
2307,1870,1880
2308,1931,1954
2309,1971,2010
3186,2008,2023
2310,1950,1974
2311,1984,1990
3014,2003,2023
2312,1994,2023
2313,1937,1944
3324,NA,1939
2314,1789,1795
2315,1934,1960
3149,2007,2018
5197996,2018,2023
11201336,2021,2023
2869,2000,2023
2316,1922,1942
2317,1964,2001
3010,2003,2023
2318,1950,1957
2883,2000,2023
2319,1891,1911
2320,1926,1975
2321,1890,1907
2322,1862,1881
12007541,2022,2023
2323,1935,1966
5153451,2018,2023
2324,1978,2019
2325,1959,1983
2698,1937,1975
2326,1871,1882
2327,NA,1950
2328,1943,1988
3074,2004,2023
11976531,2022,2023
2329,1922,1951
2330,1985,2011
2331,1892,1930
2755,1998,2023
2332,1820,1826
2333,1976,2009
2334,1805,1819
2870,2000,2023
3531,2014,2023
2335,1949,1985
2336,1836,1864
2337,1977,1995
2338,1978,2006
2712,NA,1834
3462,2013,2023
2773,1998,2022
2339,1980,1996
2340,1979,1986
2341,1994,2023
2342,1972,2018
2343,1961,1976
2344,1905,1910
2345,1979,2017
2346,1954,1988
2347,1990,2005
2699,1928,1952
2348,1801,1802
2349,1950,1987
2350,1966,1985
5019311,2018,2023
2351,1949,1975
2887,2000,2023
2352,1970,1995
2353,1982,2020
2354,1962,1988
2355,1897,1897
2356,1963,1994
2357,1985,2007
2358,1925,1930
3423,2012,2023
3166,2007,2017
3430,2012,2023
2359,1887,1905
2360,1967,1998
2361,1890,1896
2362,1990,1991
2363,1951,2000
2364,1898,1906
2365,1913,1939
11386196,2022,2023
2366,1936,1962
2367,1996,2023
2368,1966,2001
2369,1947,1973
2370,1898,1910
2371,1994,2023
2372,1979,2023
2373,1963,1992
2374,1985,2011
2375,1970,2015
2376,1912,1946
2377,1980,2023
3233,2010,2023
2378,1975,2007
2379,1957,1960
2380,1823,1843
11976526,2022,2023
2381,1954,1992
2382,1914,1932
2383,1963,1995
2384,1995,2009
2385,1949,1985
2748,1997,2023
2819,1809,1845
11226651,2021,2023
2386,1979,2011
3457,2012,2023
2387,1801,1802
2388,1988,2023
2779,NA,1949
2389,1960,1994
2390,1994,2017
2391,1942,1966
2392,1987,2015
8377921,2020,2023
3046,2003,2019
2393,1970,1981
2394,1985,2023
2395,1807,1826
2396,1970,1980
2397,1952,1961
2398,1971,1980
3469,2013,2023
2399,1987,2011
3390,2011,2023
2400,1974,2020
5198501,2018,2023
3357,2011,2023
2401,1887,1916
3056,2004,2018
2402,1892,1907
2403,1993,2011
2404,1969,1984
2806,1998,2023
11696401,2022,2023
2405,1968,1974
2406,1992,1998
7544351,2019,2023
3285,2010,2023
2407,1937,1941
2408,1857,1887
2409,1855,1887
3196,2008,2023
2410,1901,1927
2411,1862,1880
2412,1991,2023
2413,1817,1828
2414,1937,1965
2415,1915,1923
2416,1988,2023
2417,1796,1798
2418,1967,2004
6445071,2019,2023
3218,1986,2018
3535,2014,2023
2871,2000,2023
2420,1813,1825
2421,1995,2023
2422,1972,2014
2423,1880,1888
2424,1987,2000
2425,1970,2010
2426,1912,1944
2427,1954,1996
2428,1962,1975
2429,1811,1813
2991,2003,2023
2786,1998,2011
2826,1999,2023
2430,1931,1960
2431,1864,1873
2432,1936,1972
2433,1992,2021
2434,1980,2013
3374,2011,2023
2435,1994,2012
2436,1970,2017
11226126,2021,2023
9215661,2020,2023
8905366,2020,2023
2437,1987,2016
3150,2007,2023
2440,1903,1941
2441,1955,1993
2442,1907,1923
2443,1974,2004
2444,1812,1826
2445,1954,1979
2446,1907,1937
2447,1957,1988
2448,1971,2007
2449,1991,2021
3100,2005,2023
2450,1910,1944
2438,1970,2019
2451,1994,2019
2439,1989,2005
2452,1977,1989
2453,1994,2023
7504281,2019,2023
2984,2003,2023
2454,1971,2006
2455,1929,1959
3600,2016,2023
2456,1993,2023
2457,1911,1917
2458,1980,2004
12880456,2022,2023
2459,1977,1990
2460,1979,2016
3221,2009,2023
3596,2015,2023
2461,1979,2022
2462,1983,2023
2463,1937,1953
3099,2005,2023
6455091,2019,2023
2464,1941,1980
7223871,2019,2023
2465,1990,2003
2466,1966,2013
2467,1974,1989
2468,1988,2023
2469,1992,2023
2470,1983,1993
7545456,2019,2023
2471,1898,1931
3187,2008,2023
2472,1967,1978
2473,1915,1931
3328,NA,1930
2474,1874,1888
3052,2004,2023
2475,1979,1999
2476,1988,2003
2477,1884,1897
2478,1970,1992
2479,1985,1989
2480,1818,1824
7263221,2019,2020
5375111,2018,2023
3447,2012,2023
2481,1914,1936
2482,1940,1941
3326,1940,1945
2483,1989,2011
2484,1970,1972
2485,1874,1907
2486,1950,1960
3219,1995,2011
2488,1940,1950
2489,1994,2019
2490,1952,1991
2491,1954,1957
2492,1959,1980
2493,1985,2023
2938,2002,2023
2893,2001,2023
12281596,2022,2023
2494,1970,1987
2495,1991,2011
2496,1900,1906
2497,1907,1924
2498,1972,2002
2499,1979,2016
2500,1972,2003
2829,1999,2011
2501,1995,1998
2502,1822,1866
2503,1990,2012
2504,1942,1968
2505,1949,1978
2506,1954,1974
2507,1974,1998
2508,1974,1986
2509,1909,1921
2510,1798,1829
2511,1950,1971
2512,1955,1984
2513,1981,2002
2514,1976,2002
3431,2012,2023
2515,1937,1963
2516,1919,1947
2517,1956,1986
3101,2005,2023
2518,1846,1870
2519,1929,1960
3470,2013,2023
3220,1966,2001
3079,2004,2023
3501,2013,2023
2521,1931,1943
2522,1835,1867
2523,1919,1955
2524,1882,1902
2525,1987,2009
2526,1995,2023
2527,1964,1989
2528,1985,2023
2529,1957,1961
2530,1924,1962
2531,1970,1978
2532,1956,1997
2533,1962,1997
2534,1946,1974
2535,1967,2005
2536,1950,1988
2537,1959,1979
2538,1979,2011
2539,1967,2021
2540,1970,2014
3251,1883,1905
2541,1873,1889
2542,1895,1915
3314,NA,1930
2543,1970,2021
2544,1994,2015
2545,1836,1864
2546,1932,1970
2547,1939,1953
6831146,2019,2023
2548,1974,1984
2549,1992,2023
3006,2003,2023
2550,1916,1949
2551,1961,1992
2552,1979,2020
2553,1971,1978
2554,1928,1938
2555,1917,1928
2556,1949,1983
6731081,2019,2023
2557,1983,2018
3273,1930,1951
2558,1995,2023
2559,1927,1967
2560,1929,1943
2561,1877,1906
2562,1964,1991
2807,1998,2023
2563,1987,2023
2564,1967,1983
3252,1939,1967
2565,1864,1864
2566,1962,2002
2567,1894,1921
2568,1980,2011
3178,2008,2023
2973,2002,2023
3038,2003,2023
3555,2014,2023
2695,1883,1883
2569,1950,1974
3123,2006,2023
2570,1905,1910
2571,1954,1965
2872,2000,2023
2572,1992,2023
2573,1979,1994
2574,1969,2007
8865281,2020,2023
2575,1990,2023
4733051,2018,2023
3115,2006,2023
2576,1984,2000
2577,1929,1954
2578,1981,2022
2579,1993,2023
2580,1922,1948
2581,1970,1985
2582,1939,1973
2583,1969,1998
3350,2010,2014
2584,1836,1870
2585,1824,1831
2586,1981,2008
2587,1984,2023
2588,1961,1995
2589,1909,1914
4025356,2017,2023
2590,1994,2014
2591,1985,2018
2592,1861,1863
2593,1952,1962
5197991,2018,2023
2594,1969,2000
2595,1976,2012
12287106,2022,2023
2596,1980,1993
2597,1890,1900
2598,1992,2013
10929796,2021,2023
3384,2011,2023
10935831,2021,2023
2599,1967,1994
2600,1980,2011
2601,1919,1948
2602,1971,2008
2603,1986,2020
3253,1929,1940
2604,1855,1866
2605,1953,1998
3261,1863,1868
2612,1993,2023
2830,1999,2023
8479971,2020,2023
3315,1954,1976
2606,1961,1982
2607,1789,1798
2608,1919,1951
7330451,2019,2023
2609,1990,2014
2610,1929,1942
2611,1985,2023
3424,2012,2023
2811,NA,1871
2613,1799,1806
2614,1979,2009
2615,1901,1905
2616,1985,2023
2617,1995,2023
2618,1970,1984
2619,1923,1929
6631561,2019,2023
2620,1962,1990
2621,1981,2020
2622,1957,1999
2623,1966,1982
2624,1978,2020
2625,1863,1886
2627,1911,1925
2628,1801,1802
2629,1985,2023
3498,2013,2023
2979,2002,2023
2630,1987,2004
2631,1987,2022
2632,1958,1981
2633,1985,2023
6385006,2019,2023
2634,1906,1926
2635,1975,1978
3492,2013,2023
2636,1995,2023
2637,1973,2008
2638,1959,1972
2639,1970,1979
2640,1988,2023
3131,2007,2023
2641,1846,1851
2642,1941,1970
3009,2003,2023
2643,1986,2023
2644,1916,1977
2645,1869,1875
2646,1913,1925
2647,1983,2004
3494,2013,2023
2648,1980,2002
2649,1884,1901
2650,1869,1887
2651,1929,1942
2652,1968,2000
2653,1914,1945
2654,1929,1945
2655,1892,1899
2906,2001,2023
3334,1950,1974
2656,1955,1975
2657,1955,2001
2658,1903,1914
2659,1969,2002
2660,1903,1917
2661,1950,1988
3142,2007,2023
2663,1979,2016
2664,1990,1990
3599,2016,2023
3143,2007,2023
2665,1962,1990
2666,1937,1966
2667,1864,1885
2668,1929,1953
3293,2010,2023
6273451,2019,2023
2669,1941,1986
3604,2016,2023
3548,2014,2023
2670,1935,1975
3017,2003,2023
2671,1991,2023
2672,1911,1932
2673,1965,1996
2674,1961,2015
3316,NA,1932
2675,1959,1969
2676,1908,1914
2677,1971,2015
2754,1998,2023
8943911,2020,2023
2678,1985,2023
2679,1951,1978
6839686,2019,2023
2680,1987,2023
2918,2002,2023
2681,1964,1994
2682,1996,2023
2683,1986,2015
2684,1957,1985
2685,1978,2003
2686,1988,2023
3391,2011,2023
2687,1961,1995
2688,1985,2023
2690,1979,2023
3106,2006,2023
